jumping-the-broom,1
the-adjustment-bureau,1
stir-of-echoes,1
lore,1
p2,1
zombeavers,1
take-the-lead,1
a-mighty-wind,1
inglourious-basterds,1
the-bfg,1
natural-born-killers,1
paranormal-activity-3,1
good-night-and-good-luck,1
ramona-and-beezus,1
janes-journey,1
funny-people,1
a-five-star-life,0.999999
the-simpsons-movie,0.999999
charlie-and-the-chocolate-factory,0.999999
mission-impossible-ii,0.999999
ps-i-love-you,0.999999
the-perfect-man,0.999999
how-to-eat-fried-worms,0.999999
trouble-the-water,0.999999
marguerite,0.999999
the-counterfeiters,0.999999
moving-midway,0.999998
valiant,0.999998
seed-of-chucky,0.999998
the-wackness,0.999998
interstellar,0.999998
machete-kills,0.999998
the-thirteenth-floor,0.999997
celebrity,0.999997
talladega-nights-the-ballad-of-ricky-bobby,0.999997
jaws,0.999997
where-in-the-world-is-osama-bin-laden,0.999996
the-king-of-kong-a-fistful-of-quarters,0.999995
the-zodiac,0.999995
kick-ass-2,0.999995
54,0.999995
anita,0.999995
the-manchurian-candidate,0.999995
childs-pose,0.999994
speed-racer,0.999994
hellion,0.999993
lust-caution,0.999992
the-wedding-plan,0.999992
the-abcs-of-death,0.999991
the-to-do-list,0.999988
