van-helsing,1
the-simpsons-movie,1
blade-trinity,1
red-planet,1
paranormal-activity-3,1
my-big-fat-greek-wedding-2,1
anacondas-the-hunt-for-the-blood-orchid,1
elizabethtown,1
the-abcs-of-death,1
alien-abduction,1
the-great-beauty,1
the-nut-job,1
poohs-heffalump-movie,1
varsity-blues,1
black-hawk-down,1
the-village,1
the-full-monty,1
maid-in-manhattan,1
take-the-lead,1
54,1
a-mighty-wind,1
the-6th-day,1
le-divorce,1
lore,1
shrek-the-third,1
superbabies-baby-geniuses-2,1
seed-of-chucky,1
celebrity,1
valiant,1
diary-of-a-mad-black-woman,1
good-night-and-good-luck,1
pulp-fiction,1
the-adjustment-bureau,1
dead-snow-2-red-vs-dead,1
natural-born-killers,1
zombeavers,1
mission-impossible-ii,1
la-vie-en-rose,1
boogeyman,1
the-nativity-story,1
the-baxter,1
the-manchurian-candidate,1
the-purge-anarchy,1
fantastic-four-rise-of-the-silver-surfer,1
ararat,1
brigham-city,1
hellion,1
charlie-and-the-chocolate-factory,1
exorcist-the-beginning,1
the-thirteenth-floor,1
