inglourious-basterds,0.0991032
alone-in-the-dark,1e-20
a-decade-under-the-influence,1e-20
backdraft,1e-20
beatriz-at-dinner,1e-20
bats,1e-20
topsy-turvy,1e-20
42,1e-20
2001-a-space-odyssey,1e-20
battle-in-heaven,1e-20
al-franken-god-spoke,1e-20
battle-los-angeles,1e-20
two-brothers,1e-20
4,1e-20
bedazzled,1e-20
the-bye-bye-man,1e-20
battleship,1e-20
the-bay,1e-20
trilogy-the-weeping-meadow,1e-20
the-divergent-series-allegiant,1e-20
beach-rats,1e-20
a-cat-in-paris,1e-20
the-agronomist,1e-20
only-human,1e-20
anthropoid,1e-20
afterimage,1e-20
bend-it-like-beckham,1e-20
agent-cody-banks,1e-20
bean,1e-20
shes-beautiful-when-shes-angry,1e-20
gunner-palace,1e-20
alexandra,1e-20
the-wedding-planner,1e-20
beasts-of-the-southern-wild,1e-20
alice-et-martin,1e-20
all-my-loved-ones,1e-20
the-beat-that-my-heart-skipped,1e-20
what-a-girl-wants,1e-20
aliens-of-the-deep,1e-20
beautiful-creatures-2012,1e-20
altered-states,1e-20
down-by-law,1e-20
beauty-and-the-beast-1991,1e-20
beavis-and-butt-head-do-america,1e-20
against-the-ropes,1e-20
tortilla-soup,1e-20
alex-cross,1e-20
autumn-in-new-york,1e-20
born-to-be-blue,1e-20
youre-gonna-miss-me,1e-20
