inception,0.0607927
selena,0
take-my-eyes,0
anacondas-the-hunt-for-the-blood-orchid,0
chappie,0
something-new,0
scooby-doo-2-monsters-unleashed,0
a-christmas-story,0
lara-croft-tomb-raider-the-cradle-of-life,0
after-innocence,0
enchanted,0
mad-hot-ballroom,0
the-butterfly-effect,0
eva-hesse,0
somewhere,0
youre-gonna-miss-me,0
down-periscope,0
girlfight,0
eastern-promises,0
yogi-bear,0
southside-with-you,0
stevie,0
evelyn,0
two-lovers,0
gunner-palace,0
abominable,0
bossa-nova,0
aliens-of-the-deep,0
orphan,0
300,0
transcendence,0
the-visual-bible-the-gospel-of-john,0
happy-feet-two,0
bewitched,0
rogue-one-a-star-wars-story,0
bend-it-like-beckham,0
transformers-revenge-of-the-fallen,0
all-my-loved-ones,0
scanners,0
twisted,0
patriots-day,0
fever-pitch,0
valentin,0
cop-out,0
focus-2015,0
below,0
paradise-now,0
topsy-turvy,0
the-chorus,0
kings-queen,0
