apollo-18,1
end-of-days,1
faster-2010,1
the-forsaken,1
jumping-the-broom,1
saawariya,1
thief,1
citadel,1
swingers,1
the-reckoning,1
balzac-and-the-little-chinese-seamstress,1
the-bfg,1
narc,1
freddy-got-fingered,1
the-wave,1
swing-kids,1
what-happens-in-vegas,1
hoop-dreams,1
funny-people,1
van-wilder,1
the-visit-2015,1
kung-fu-panda-2,1
the-armstrong-lie,1
repo-men,1
hellion,1
elite-squad-the-enemy-within,1
hotel-transylvania,1
requiem,1
millennium-actress,1
the-imaginarium-of-doctor-parnassus,1
something-new,1
the-holiday,1
gunner-palace,1
good-hair,1
justin-biebers-believe,1
the-trip,1
runaway-bride,1
deception,1
ararat,1
heartbreakers,1
dead-snow-2-red-vs-dead,1
22-jump-street,1
cowboys-aliens,1
die-another-day,1
the-counterfeiters,1
the-whores-son,1
hieronymus-bosch-touched-by-the-devil,1
nights-in-rodanthe,1
natural-born-killers,1
diary-of-a-mad-black-woman,1
